timestamp,object,x,y,width,height,x_3d,y_3d,z_3d,confidence
0.0,car,350,150,400,300,2.0,1.5,2.5,0.95
0.0,car,200,250,100,50,4.5,2.0,3.0,0.8
0.0,equipment,100,100,50,75,5.0,3.0,1.0,0.75
100.0,wheel,500,400,300,300,0.5,0.0,0.5,0.9
200.0,car,0,0,700,500,0.0,0.5,1.0,0.98
200.0,equipment,600,400,100,100,1.0,0.0,0.0,0.85
300.0,equipment,280,300,200,250,0.5,0.8,0.7,0.95
300.0,hand,550,450,100,100,0.2,0.6,0.3,0.88
400.0,laptop,450,400,150,100,1.2,1.5,0.5,0.92
400.0,car,0,200,200,150,3.0,2.0,5.0,0.85
400.0,toolbox,300,300,250,200,1.5,1.8,1.0,0.9
500.0,car,400,500,600,400,0.0,0.5,1.0,0.95
500.0,hand,200,200,200,200,0.3,0.4,0.2,0.92
500.0,equipment,100,400,100,50,0.7,0.9,0.3,0.87
600.0,tire,370,150,500,500,0.0,0.0,0.5,0.95
600.0,wheel,400,200,400,400,0.0,0.0,0.6,0.92
600.0,person,0,400,400,400,0.5,0.0,1.0,0.88
600.0,car,0,0,1000,700,0.0,0.0,1.0,0.99
700.0,engine,100,100,800,500,0.0,0.0,1.0,0.95
700.0,oil_bottle,350,200,150,300,0.2,0.0,0.5,0.9
700.0,coolant_bottle,600,300,150,300,-0.2,0.0,0.5,0.85
700.0,person,300,200,500,500,0.5,0.0,1.0,0.92
700.0,car,0,0,1000,700,0.0,0.0,1.0,0.99
800.0,steering_wheel,400,400,400,300,0.0,0.0,0.5,0.95
800.0,dashboard,200,200,800,300,0.0,0.0,1.0,0.92
800.0,person,600,400,400,300,0.5,0.0,1.0,0.88
800.0,car,0,0,1000,700,0.0,0.0,1.0,0.99
900.0,hand,500,400,200,200,0.2,0.1,0.5,0.95
900.0,hand,250,400,200,200,0.1,0.15,0.55,0.92
900.0,dipstick,450,300,100,150,0.15,0.05,0.4,0.88
900.0,car_engine,0,0,700,500,0,0,1,0.99
1000.0,steering_wheel,300,200,400,400,0.5,0.6,0.8,0.98
1000.0,dashboard,100,100,700,200,0.2,0.7,1.0,0.95
1000.0,hand,800,600,100,150,0.8,0.2,0.6,0.85
1100.0,car,200,300,500,400,1.0,0.0,2.0,0.95
1100.0,car_hood,100,100,700,300,0.5,0.5,1.5,0.92
1100.0,hand,600,500,200,300,0.2,0.1,0.5,0.9